id,Text,Sentiment
1,Exploring the world of digital art. It's never too late to discover new passions. #DigitalArtistry #LateBloomer,Negative
2,Feeling inspired after attending a workshop.,Positive
3,"Eyes wide open in the night, fearful shadows dancing on the walls, the mind a prisoner of imagined horrors.",Negative
4,"A soul weathered by the storm of heartbreak, seeking refuge in the calm after.",Negative
5,"Attended a wine tasting event, savoring the richness of flavors that age like fine wine. Cheers to the golden years! #WineTasting #SeniorWineLover",Positive
6,"Despite meticulous training, the swimmer faces disappointment as a split-second miscalculation costs them the lead in a crucial race.",Negative
7,Excited about the upcoming gaming tournament.,Positive
8,Reflecting on personal growth achieved through life experiences.,Negative
9,Achieving a personal best in a track and field competition. The thrill of victory and self-improvement!,Negative
10,"Immersed in the pulsating beats of a Bruno Mars concert, where 'Uptown Funk' becomes a city of joy.",Positive
11,"Sorrowful echoes, a symphony of pain played by the strings of loss.",Negative
12,Anticipation for an upcoming adventure in an exotic destination.,Negative
13,"Overwhelmed by grief, missing a loved one dearly.",Positive
14,Encountering online toxicity during a gaming session. Hateful comments can ruin the fun.,Negative
15,Finding acceptance in the midst of life's challenges.,Negative
16,Heartfelt sadness after bidding farewell to a dear friend.,Negative
17,Excitement building up for the upcoming vacation!,Negative
18,Euphoria floods in as the final puzzle piece fits perfectly.,Negative
19,"Frustration boils over, a volcanic eruption of emotions.",Negative
20,A burst of creativity in the quiet solitude of an artist's studio.,Negative
21,"Attended a classical music concert, feeling the timeless melodies resonate. Music transcends generations. #ClassicalMusic #TimelessMelodies",Negative
22,Spark of inspiration ignites like a shooting star in the night sky.,Negative
23,"In the gallery of broken promises, each shattered vow framed, a painful exhibition.",Negative
24,A surprise gift from a friend made my day!,Negative
25,Heartbroken after hearing the news about a natural disaster.,Negative
26,"Curiosity driving the exploration of the unknown, a seeker of knowledge in uncharted territories.",Negative
27,Laughter is the key to joy‚Äîattending a stand-up comedy show.,Positive
28,"At the summit of Machu Picchu, a breathtaking panorama that whispers the secrets of ancient civilizations.",Negative
29,Savoring the warmth of a cup of cocoa on a chilly winter evening.,Negative
30,Celebrating a friend's birthday with a surprise party. Joyful moments and laughter all around!,Positive
31,Inspiration strikes while observing the colors of a vibrant sunset.,Negative
32,"Bathed in the golden hues of gratefulness, a sunset of appreciation casting its warm glow on the landscapes of the heart.",Negative
33,"Chasing dreams under the vibrant sky, a journey fueled by hope and enthusiasm.",Negative
34,Decided to learn a new instrument. Day one: Still trying to figure out how to hold it. #MusicNovice #LearningJourney,Negative
35,Winning a friendly sports competition against rival schools. Victory celebrations in full swing!,Negative
36,"Avoiding the shards of shattered dreams, walking the tightrope of resilience.",Negative
37,Relishing a peaceful afternoon with a classic novel. Quiet moments are the best moments. #BookLover #PeacefulAfternoon,Positive
38,"At the astronomy observatory, the stargazer marvels at the vastness of the cosmos, contemplating the mysteries hidden within the celestial expanse.",Negative
39,"Devastated, a heart in ruins, the echoes of shattered dreams reverberating in the chambers, a requiem for what once was whole.",Negative
40,Just published a new blog post. Check it out!,Positive
41,"Revisiting old memories, feeling a sense of elation.",Negative
42,"Painful echoes of a love once cherished, now lost in the abyss of time.",Positive
43,"Exploring the historical architecture of an ancient city, the traveler is transported to a bygone era, where each monument whispers tales of the past.",Negative
44,Empowerment through learning a new skill.,Negative
45,Giddy with excitement as the first snowflakes dance from the sky.,Negative
46,Bittersweet emotions arise while bidding farewell to a dear friend.,Negative
47,"The complex puzzle of life leaves me in a state of perpetual confusion, seeking answers in the chaos.",Negative
48,"At a U2 concert, the anthemic chords of 'With or Without You' create a timeless moment of connection.",Negative
49,"Swaying to Ed Sheeran's acoustic melodies, a serene evening filled with 'Perfect' moments.",Negative
50,"Suffocating in the silence of solitude, where echoes of laughter once thrived.",Negative
51,"Dancing through life with the exuberance of a carefree spirit, embracing joy and zest at every turn.",Positive
52,Excitement builds while preparing for a surprise celebration.,Negative
53,Nostalgic memories flood in while revisiting childhood favorites.,Negative
54,"Melancholy whispers in the breeze, a silent conversation with the echoes of forgotten dreams.",Negative
55,"Navigating through the labyrinth of thoughts, confusion a constant companion in the maze of ideas.",Negative
56,"Immerse in the serenity of a moonlit night, where the quiet whispers of nature bring peace to the soul.",Negative
57,"Proudly scaling the peaks of achievement, a mountaineer conquering challenges and planting the flag of success.",Negative
58,Feeling a sense of fulfillment after reaching a milestone.,Negative
59,Reverence for the historical significance of a landmark.,Negative
60,Ran out of snacks during a movie marathon. Crisis level: Emergency! #MovieNightStruggles #TeenProblems,Negative
61,"The echoes of solitude, a silent conversation between a soul and its shadows.",Negative
62,"Witnessing a record-breaking marathon, spectators are filled with awe and admiration for the endurance and dedication of the runners.",Negative
63,Witnessed an act of kindness that made my day.,Negative
64,Spontaneously booked a weekend getaway. Adventure awaits! #TravelBug #WeekendEscape,Negative
65,"Amidst the tulip fields of Keukenhof, a tapestry of colors that paints the soul with springtime joy.",Positive
66,"As the movie credits roll, the viewer experiences a mix of awe and contemplation, pondering the deeper meanings woven into the storyline.",Negative
67,"In the tennis tournament, a highly anticipated player experiences a setback, leaving fans in shock and questioning the unforeseen turn of events.",Negative
68,"Stumbling upon an old journal, nostalgia flooding in waves, carrying me to moments long gone.",Negative
69,Experiencing awe at the breathtaking sunset.,Negative
70,"Hosted a family dinner, where laughter echoed louder than the clinking of utensils. Family, the heart of happiness. #FamilyDinner #SeniorHost",Positive
71,The fear of the unknown is keeping me up at night.,Negative
72,Feeling optimistic about the week ahead.,Positive
73,Excitement builds as the countdown to a long-awaited vacation begins.,Negative
74,Arousal of excitement as I await a special announcement.,Negative
75,"Shattered by betrayal, trust crumbles like fragile glass.",Negative
76,Excitement for a quiet evening with a good book.,Negative
77,"Surrounded by the colors of joy, a canvas painted with laughter and endless smiles.",Positive
78,"Whispering tales of inspiration to the stars, a storyteller crafting constellations from the threads of imagination.",Negative
79,Just finished a challenging workout routine.,Positive
80,Arousal of excitement for an upcoming festival.,Negative
81,Collaborating on a science project that received recognition at a regional fair. Science triumphs and smiles!,Negative
82,Sending affectionate vibes to friends and family.,Negative
83,"In the tennis grand slam, a fierce rivalry unfolds, captivating fans with a display of skill and sportsmanship on the world stage.",Negative
84,Tried a magic trick to impress classmates. Magic fail: Where did that rabbit go?,Negative
85,Thrilled to witness the grandeur of a cultural festival.,Negative
86,"Participating in a multicultural festival, celebrating diversity with music, dance, and delicious food!",Positive
87,"Embraced by the hopeful dawn, a gardener sowing seeds of optimism, tending to the blooms of a brighter tomorrow.",Negative
88,"Frustrated attempts to untangle the knot of confusion, the threads of understanding slipping further into the labyrinth of miscommunication.",Negative
89,Admiration for the intricate details of a handcrafted masterpiece.,Negative
90,Satisfaction derived from successfully completing a DIY project.,Negative
91,Weekend road trip to explore scenic views.,Positive
92,Embarking on a journey of learning a new language. The mind stays young with every new word. #LanguageLearning #NeverTooLate,Negative
93,Experimenting with a new hair color. A bold change for a bold semester!,Negative
94,"Emotional storm, a whirlwind of sadness engulfs every thought.",Negative
95,"Attending a surprise birthday party organized by friends. Surrounded by love, laughter, and good company!",Positive
96,"Wandering in the maze of betrayal, the walls closing in with every wrong turn.",Negative
97,"Playfully dancing in the rain of laughter, a whimsical spirit twirling in the puddles of joy and lightheartedness.",Positive
98,Elation over discovering a rare book in a quaint bookstore.,Negative
99,Fulfillment in completing a challenging workout routine.,Negative
100,Regret over missed opportunities haunts my thoughts.,Negative
101,Exploring the universe within during a mindful meditation session.,Negative
102,"Wrestling with thoughts, a perplexed mind lost in the labyrinth of life's complexities.",Negative
103,"Taking a stroll in the garden, appreciating the beauty of blooming flowers. Nature's wonders never cease. #GardenWalk #FloralBeauty",Negative
104,Enjoying every moment of this trip‚Äîpure enjoyment!,Positive
105,The state of corruption in our society is utterly disgusting.,Negative
106,Capturing the beauty of nature through photography. Every snapshot is a treasure. #NaturePhotography #SeniorPhotographer,Negative
107,Contentment in the midst of a family gathering filled with laughter.,Negative
108,Joyful reunion with long-lost friends after years of separation.,Positive
109,"Entered the kitchen with the intention to cook. Left with a bag of chips. Cooking is overrated, anyway. #MasterChefInTraining #TeenHumor",Negative
110,Enjoying a cup of tea and watching the sunset.,Positive
111,"A melancholic symphony playing in the background, the soundtrack of a wistful heart.",Negative
112,Spent hours perfecting a chemistry experiment. Mixing potions like a wizard!,Negative
113,"Playfully juggling responsibilities, a circus performer balancing the acts of work and joy, tossing laughter into the air.",Positive
114,"Drenched in confetti at a Katy Perry concert, a kaleidoscope of colors igniting the night sky.",Negative
115,"Sinking like a stone in the ocean of heartbreak, each ripple a sigh of despair.",Negative
116,"Lost in the symphony of the night, a moonlit serenade that whispers tales of wanderlust and moonlit dreams.",Negative
117,The state of the world's environment is just disgusting.,Negative
118,Curiosity piqued by the mysteries of an ancient archaeological site.,Negative
119,"Embarking on a journey of discovery, fueled by curiosity and a thirst for knowledge.",Negative
120,Spellbound by the elegance of a ballroom dance under crystal chandeliers.,Negative
121,"In the ruins of hope, echoes of shattered dreams whisper tales of loss.",Negative
122,"Bitterness, a bitter chill in the air, freezing moments into icicles of resentment that dangle precariously over the landscape of memory.",Negative
123,Fuming with anger after a heated argument.,Negative
124,Just finished an amazing workout! üí™,Positive
125,"Loneliness, a silent companion in the night, the only echo in the chamber of solitude, a heart's solitary nocturne.",Negative
126,"Wandering through a historical museum, the history enthusiast becomes immersed in the tales of the past, envisioning bygone eras.",Negative
127,"A numbness settles over me, a shield against the overwhelming emotions life throws my way.",Negative
128,"Devastated by the revelation of betrayal, the trust shattered like fragile glass, leaving shards of pain in its wake.",Negative
129,Enjoying a quiet evening with a book and some tea.,Positive
130,"Capturing the essence of a bustling market, the photographer freezes moments in time, each frame telling a unique and vibrant story.",Negative
131,"Overwhelmed by the weight of the world, Atlas with trembling shoulders, each responsibility a boulder in the landscape of exhaustion.",Negative
132,"Envious eyes fixated on the gilded prize, a heartache fueled by the painful desire for possessions that seem forever out of reach.",Negative
133,Encountered some mean-spirited comments online. Dealing with online hate is never easy.,Negative
134,Exploring a new hobby of photography during free time. Capturing moments through a lens.,Negative
135,"Seeking serenity in the melody of raindrops, a tranquil escape from the noise of everyday life.",Negative
136,Embracing acceptance of life's ups and downs.,Negative
137,Having a bad hair day and feeling self-conscious. Bad hair days can affect confidence.,Negative
138,"Dancing on sunshine, each step a celebration of the joy found in simple moments.",Positive
139,A bitter experience turned into a valuable lesson.,Negative
140,"A tapestry of conflicting feelings, weaving through uncertainty, caught in the threads of ambivalence.",Negative
141,Arousal of excitement for an upcoming adventure.,Negative
142,Exploring local art galleries this weekend.,Positive
143,Finding calmness in the midst of a busy day.,Negative
144,"Jealousy poisons my thoughts, resentment brewing within.",Negative
145,"Envious eyes locked on the treasure chest of opportunities, a heartache fueled by the desire for keys that seem forever elusive.",Negative
146,Loneliness creeps in as the night grows colder.,Negative
147,Elation after achieving a personal goal.,Negative
148,Reflecting on the challenges of the school year. Feeling a bit overwhelmed with assignments.,Negative
149,"Standing tall, proud as an oak, the branches of achievement reaching towards the sky of accomplishment.",Negative
150,Calmness found in the rhythm of raindrops on the windowpane.,Negative
151,"Unveiling the layers of curiosity, a labyrinth of questions leading to the treasure troves of undiscovered knowledge.",Negative
152,"Heart in ruins, the remnants of shattered dreams scattered in the wind.",Negative
153,Elation over discovering a hidden gem in the city.,Negative
154,"Tranquil moments by the ocean, serenity washing over, a peaceful retreat within the waves' embrace.",Negative
155,Rainy days call for cozy blankets and hot cocoa.,Positive
156,"Apprehensive whispers in the wind, a forecast of uncertainty, the mind's weather vane spinning wildly in the storm of doubt.",Negative
157,Harmony resonates as musicians play a symphony of unity.,Negative
158,"In the cricket championship, a nail-biting finish leaves fans on the edge of their seats, experiencing a rollercoaster of emotions.",Negative
159,"Charting a course through the waves of hopeful anticipation, a sailor steering towards the shores of dreams yet unexplored.",Negative
160,Arousal of excitement before a much-awaited trip.,Negative
161,"A surprise gift, wrapped in anticipation, unfolds a moment of delight and wonder.",Negative
162,Enthusiasm for a creative project in the making.,Negative
163,"Bitterness, a bitter aftertaste lingering on the tongue, each word a reminder of wounds that refuse to heal with the passing of time.",Negative
164,Got a flat tire on the way to an important meeting. Talk about a series of bad events!,Negative
165,Celebrating a friend's birthday tonight! üéÇ,Positive
166,Shame for not being true to my values in a difficult situation.,Negative
167,"Shattered by the echoes of a shattered dream, fragments of hope scattered.",Negative
168,Pure happiness: celebrating a loved one's achievement!,Positive
169,Navigating through the challenges with determination.,Negative
170,"Entangled in the web of thoughts, confusion reigning as I navigate the labyrinth of ideas.",Negative
171,"Floating on clouds of gratitude, each raindrop a blessing, a shower of thankfulness.",Negative
172,"At the Olympics, the athlete's perseverance shines through, earning a gold medal and inspiring a generation with their remarkable achievement.",Negative
173,Celebrating a milestone at work! üéâ,Positive
174,Rediscovered childhood cartoons and had a nostalgia-filled marathon. #CartoonNostalgia #TeenMemories,Negative
175,"Bitterness like a poison, seeping into every crevice of the wounded heart.",Negative
176,"Wandering through the cemetery of lost dreams, tombstones marking untold sorrows.",Negative
177,"Heartache deepens, a solitary journey through the abyss of despair.",Negative
178,"As the closing scene unfolds, a sense of satisfaction washes over, completing the cinematic journey with a profound and fulfilling ending.",Negative
179,The victory of our team brought euphoria to the city.,Negative
180,Sending love to all my followers on this beautiful day! ‚ù§Ô∏è,Positive
181,Sunday bike ride through scenic trails.,Positive
182,"Overflowing with joy, a cup of laughter shared with friends, a moment cherished.",Positive
183,Survived a group project without any drama. Miracles do happen. #GroupProjectSuccess #TeenAchievements,Positive
184,Spent an hour choosing the perfect filter for a selfie. The struggle for that Instagram aesthetic is real. #SelfieQueen #TeenVibes,Negative
185,Bonding with friends over the latest K-pop sensation. Fangirling at its finest!,Negative
186,"Joined a seniors' astronomy club, stargazing and finding wonder in the vastness of the cosmos. #AstronomyClub #SeniorStargazer",Negative
187,"Dancing under the stars at Beyonc√©'s live show, feeling the power of 'Single Ladies' in every move.",Negative
188,Happiness blooms like flowers in a garden on a sunny day.,Positive
189,Feeling lonely on a Saturday night. Sometimes solitude hits harder than expected.,Negative
190,Attending a virtual conference on AI.,Negative
191,"Streaming the latest web series, the viewer is engrossed in the characters' journey, feeling a sense of connection and empathy.",Negative
192,Contentment envelops as the aroma of freshly baked bread fills the air.,Negative
193,"A compassionate rain, tears of empathy falling gently, nurturing the seeds of kindness in the garden of human connections.",Negative
194,"In the symphony of excitement, each note is a burst of energy, igniting the soul with fervor.",Negative
195,Amused by the antics of my pet‚Äîit's pure amusement!,Negative
196,Admiring the beauty of nature during a peaceful hike.,Negative
197,"Facing challenges head-on, a determination that fuels the fire within to achieve the impossible.",Negative
198,"Aching heart, the symphony of pain plays in the silence of solitude.",Negative
199,New painting in progress! üé®,Positive
200,"Ambivalence clouding decisions, caught in the crossroads of conflicting emotions.",Negative
201,"Embracing the flaws, finding acceptance in imperfection, a journey towards self-love.",Positive
202,Drowning in sorrow as memories of lost love resurface.,Positive
203,Experiencing cyberbullying. Hateful messages online are disheartening.,Negative
204,"Boredom settles like dust, life feels mundane.",Negative
205,"Standing before the grandeur of the Eiffel Tower, a moment to reflect on the beauty of Parisian dreams.",Negative
206,"Basking in the golden glow of contentment, a serene river flowing through the landscape of the heart.",Negative
207,"Participated in a community art class, unleashing creativity in the golden years. Art has no age limit. #ArtClass #SeniorArtistry",Negative
208,Surprise and delight at discovering a hidden gem in the city.,Negative
209,Euphoria floods in as the final puzzle piece clicks into place.,Negative
210,"After a series of defeats, the soccer team faces disappointment, struggling to find the silver lining in a challenging season.",Negative
211,Mastering the art of the perfect doodle during boring classes. Doodles: A+!,Negative
212,"Numb to the chaos, emotions locked away, a stoic facade concealing the inner turmoil.",Negative
213,"Haunted by the specter of lost possibilities, a ghost that refuses to fade away.",Negative
214,Awe-struck by the grandeur of an ancient cathedral's intricate architecture.,Negative
215,"Drowning in despair, hope slipping through my fingers.",Negative
216,"Yearning for a touch that's not there, echoes of a distant warmth haunting the heart in the cold embrace of solitude.",Negative
217,"Swinging to the rhythms of a Frank Sinatra tribute, feeling the timeless charm of 'Fly Me to the Moon'.",Negative
218,"Watching a heartwarming family drama, tears flow freely as the characters overcome challenges, leaving the viewer with a warm glow.",Negative
219,"A compassionate rain, tears of empathy falling gently, nurturing the seeds of kindness in the garden of human connections.",Negative
220,The euphoria of a surprise birthday celebration.,Negative
221,"Embracing life's imperfections, finding acceptance in the journey, scars and all.",Negative
222,Had a bad day at school. Everything seems to be going wrong.,Negative
223,Convinced the teacher to have class outdoors. Learning equations with a side of fresh air!,Positive
224,Suffering from despair after another setback.,Negative
225,Dazzled by the elegance of a masquerade ball's dazzling costumes.,Negative
226,"Survived a challenging physics exam. Equations, you won't defeat me!",Negative
227,Exploring a new part-time job opportunity for gaining work experience. Career development in progress.,Negative
228,Trying out a new study technique for upcoming exams. Exploring different learning strategies.,Negative
229,Intrigued by the symphony of colors in an abstract art exhibition.,Negative
230,Nostalgia hits while flipping through an old photo album.,Negative
231,Successfully completing a challenging coding project. Excitement for overcoming coding hurdles!,Negative
232,Confusion surrounds me as I navigate through life's choices.,Negative
233,"Hopeful for a brighter tomorrow, despite challenges.",Negative
234,Sneaking snacks into class like a pro. The art of snack-smuggling is a sacred skill!,Negative
235,"Melancholy as a companion, painting the canvas of life with the brushstrokes of wistful yearning.",Negative
236,Attempting to break the school record for the longest handstand. Wish me luck!,Negative
237,"Embraced by the hopeful dawn, a gardener sowing seeds of optimism, tending to the blooms of a brighter tomorrow.",Negative
238,Anticipating the release of a much-awaited movie.,Negative
239,The new movie release is a must-watch!,Positive
240,A surprise visit from an old friend brought tears of joy.,Positive
241,"Got dressed for the day, then remembered it's Saturday. Oops. #WeekendVibes #TeenStruggles",Negative
242,Soaring like a free spirit on the winds of a coastal cliff.,Negative
243,"Torn apart by grief, the echoes of loss reverberate through the soul.",Negative
244,Organizing a movie marathon with friends. Popcorn and cinematic adventures await!,Negative
245,Spent the day binge-watching a new series. Productivity level: Zero. #LazyDay #TVSeriesMarathon,Negative
246,"In the cycling world championship, the climber conquers challenging terrains, symbolizing determination and achievement against all odds.",Negative
247,"In the celebration of success, fireworks of accomplishment light up the night sky of triumph.",Negative
248,"Underneath the city lights, the dancer expresses emotions through graceful movements, creating a mesmerizing performance under the night sky.",Negative
249,Feeling a bit under the weather today.,Negative
250,Gratitude for the supportive community around me.,Negative
251,Reflecting on the importance of mental health.,Positive
252,A cozy evening with a good movie.,Positive
253,Feeling accomplished after a productive day.,Positive
254,Kindness witnessed today restored my faith in humanity.,Negative
255,Resentment building up over past betrayals.,Negative
256,Whispers of inspiration from the rustling leaves in a serene forest.,Negative
257,"Started a blog sharing the wisdom gained through the years, proving that every day is a chance to learn and grow. #SeniorWisdom #Blog",Negative
258,Attending a school club meeting to explore new interests. Dabbling in extracurricular activities.,Negative
259,"Loneliness in a crowded room, a silent cry for connection.",Negative
260,Embarking on a mission to find the best burger joint in town. Burger connoisseur: Reporting for duty!,Negative
261,Mastered the art of creating paper airplanes during lecture. Paper planes: Soaring to new heights!,Negative
262,"Grief weighs heavy, tears a constant companion.",Negative
263,"Amazed by the architectural marvels of Petra, each stone telling tales of an ancient civilization.",Negative
264,Attempting to set a new record for the most consecutive hacky sack kicks. Hacky sack skills: Unleashed!,Negative
265,"Navigating the sea of hope, sailing towards the sunrise of possibilities, confident in the ship of positive anticipation.",Negative
266,"Drowning in the abyss of despair, a heart shattered into fragments, lost in the echoing silence of hopelessness.",Negative
267,Reflecting on the past and looking ahead.,Positive
268,"Isolation deepens, an emotional winter where warmth is but a distant memory.",Negative
269,"Bathed in the glow of inspiration, a creative phoenix rising from the ashes of ordinary thoughts to explore new realms.",Negative
270,Lost my headphones again. How do they vanish into thin air? #HeadphoneMystery #TeenLife,Negative
271,"Overwhelmed by the maze of expectations, a minotaur of pressure lurking in the labyrinth, waiting to devour the spirit of resilience.",Negative
272,"In the mosh pit of a Metallica concert, the thunderous chords create a symphony of headbanging ecstasy.",Negative
273,Riding the adrenaline rush on a rollercoaster's wild twists.,Negative
274,Gratitude for the simple joys found in a cup of morning coffee.,Positive
275,"A playful escapade in the carnival of life, carousel laughter and cotton candy dreams swirling in the joyous atmosphere.",Positive
276,Radiant joy akin to blooming flowers on a sun-kissed spring morning.,Positive
277,Missing summer vibes and beach days.,Negative
278,"Gazing towards the horizon with hopeful eyes, painting a canvas of dreams illuminated by the sun of optimism.",Negative
279,Productive day ticking off my to-do list.,Positive
280,"Flipping through the pages of an old yearbook, nostalgia painting smiles and tears on my face.",Negative
281,Embarked on a DIY home decor project. Let's hope it turns out better than last time. #DIYAdventure #TeenHomeDecor,Negative
282,Collaborating on a group project to promote teamwork and shared responsibilities. Group effort in action.,Negative
283,Imbued with gratitude for the simple pleasure of a warm cup of tea.,Negative
284,"Joined a community choir, harmonizing with fellow voices. Music creates bonds that withstand time. #CommunityChoir #HarmonyInAging",Negative
285,"Embracing the ebb and flow of life, finding acceptance in the dance of existence.",Negative
286,"In the wasteland of lost trust, the echoes of broken promises reverberate.",Negative
287,Bitter experience at the customer service department.,Negative
288,Awe-struck by the breathtaking sunrise over the mountains.,Negative
289,A sense of wonder at the vastness of the cosmos on a stargazing night.,Negative
290,"Despair clouds the mind, feeling adrift in an endless sea of darkness.",Negative
291,"With empathy as a lantern, wandering through the dark alleys of sorrow, illuminating the path with compassion and care.",Negative
292,"Intimidation by the challenges ahead, fear takes hold.",Negative
293,"Bought a new video game, played for hours, forgot to eat. The ultimate gaming session. #GamerLife #NoFoodGaming",Negative
294,"Dismissive gestures, a curtain drawn to shield the vulnerability, a stage where emotions take a backseat to the performance of indifference.",Negative
295,Gratitude for the small joys that each day brings.,Positive
296,A moment of shame for not standing up against injustice.,Negative
297,Pensive contemplation amid the ancient ruins of a forgotten civilization.,Negative
298,"Charting a course through the waves of hopeful anticipation, a sailor steering towards the shores of dreams yet unexplored.",Negative
299,Anticipating a thrilling adventure in the coming weeks.,Negative
300,Creating a secret handshake with friends. Friendship level: Expert!,Negative
301,Disgust at the corruption that stains society.,Negative
302,"A free spirit soaring on the wings of dreams, leaving trails of independence in the azure sky of boundless possibilities.",Negative
303,"Drifting through the day with an air of nonchalance, indifferent to the trivialities of life.",Negative
304,Disappointed with the lack of progress in a personal project.,Negative
305,"Attended a jazz concert and swayed to the rhythm of timeless tunes. Music, a constant companion in the golden years. #JazzConcert #SeniorMusic",Negative
306,"A moment of tenderness, connecting with loved ones.",Positive
307,Serenity found in the pages of a favorite book.,Negative
308,Feeling a sense of emptiness after a close friend moves away. Farewells are always sad.,Negative
309,"Playfully juggling responsibilities, a circus performer balancing the acts of work and joy, tossing laughter into the air.",Positive
310,"Wrapped in the cloak of emotional numbness, a shield against the storms of life's turbulence.",Negative
311,Enjoying a beautiful day at the park!,Positive
312,Receiving a heartfelt letter from a pen pal in another country. Connecting across the globe!,Negative
313,Enthusiasm for learning new skills and expanding knowledge.,Negative
314,"Hosted a 'memory lane' evening with old friends, reminiscing about the adventures that shaped our lives. #MemoryLane #SeniorReminiscing",Negative
315,Planning a surprise scavenger hunt for friends. Anticipating the thrill and excitement!,Negative
316,"A compassionate rain, tears of empathy falling gently, nurturing the seeds of kindness in the garden of human connections.",Negative
317,Compassion in action: supporting a local charity event.,Negative
318,"An impenetrable numbness shields me from the emotional storms, a fortress of stoic resilience.",Negative
319,Contemplating life's mysteries under the starry night sky.,Negative
320,A sense of accomplishment after completing a challenging workout.,Negative
321,"Hopeful whispers of wind, carrying the promises of a brighter tomorrow, a symphony of optimism in the air of possibilities.",Negative
322,"Despair like a heavy fog, enveloping every thought, blurring the path ahead, a journey in the labyrinth of utter hopelessness.",Negative
323,"In the embrace of the Grand Canyon, nature's masterpiece, a moment to marvel at Earth's grandeur.",Negative
324,Tenderness in a heartfelt message to a loved one.,Positive
325,"Soul-crushing disappointment, hopes shattered like fragile glass.",Negative
326,"Tears fall like raindrops, mourning the end of a cherished friendship.",Negative
327,Participating in a science fair to showcase a unique experiment. Sharing knowledge with peers.,Negative
328,"At the film festival, the indie filmmaker's creation receives a standing ovation, evoking pride and a sense of accomplishment.",Negative
329,"Floating on clouds of inspiration, an artist painting the sky with strokes of creativity, creating a masterpiece of dreams.",Negative
330,"At a Michael Jackson tribute show, moonwalking through the hits, a celebration of the King of Pop.",Negative
331,"Dismissive glances, a fortress built with indifference, walls impenetrable to the pleas of understanding and recognition.",Negative
332,"Fearful whispers in the dark, the mind haunted by the specter of the unknown, shadows dancing to the rhythm of anxiety's tune.",Negative
333,Attending a virtual reality meetup.,Positive
334,"In the embrace of the autumn breeze, leaves of ambivalence dancing in a waltz between choices and uncertainties.",Negative
335,"Boredom lingers, a stagnant pool of indifference.",Negative
336,"Organizing a virtual talent show during challenging times, bringing smiles to classmates' faces!",Negative
337,Creating a beautiful mural with fellow art enthusiasts. The power of collaboration and creativity!,Positive
338,Pride in accomplishing personal and professional goals.,Negative
339,An amusing incident brightened up my day!,Negative
340,"Experiencing the thrill of a high-speed Formula 1 race, fans are on the edge of their seats as drivers compete for the championship.",Negative
341,"Melancholy lingers, a bittersweet serenade in the quietude of solitude.",Negative
342,Reflecting on the beauty of diversity in our world.,Negative
343,"Sinking in the quicksand of despair, the harder you fight, the deeper you descend.",Negative
344,Got my hands on the latest fantasy novel. Diving into realms of magic and adventure!,Negative
345,"As the credits roll, a profound sense of nostalgia washes over, reminiscent of cherished moments in classic films.",Negative
346,"Started a book club for seniors, where discussions are as lively as the characters in the novels. #BookClub #SeniorReaders",Negative
347,"Jealousy gnaws at my confidence, a toxic emotion.",Negative
348,"Devastated by the storm of betrayal, the wreckage of trust scattered like debris, a heart torn by the winds of broken promises.",Negative
349,"As the first snowflake descends, the winter enthusiast eagerly prepares for a season of frosty delights, anticipating the magic of snow-covered landscapes.",Negative
350,Whimsical delight in a world of whimsical fairy tales.,Negative
351,Missing out on a long-anticipated event due to unexpected circumstances. A day filled with sadness.,Negative
352,Elation after achieving a fitness milestone.,Negative
353,Contentment in the simplicity of a quiet Sunday.,Negative
354,"As the waves crash against the shore, the surfer embraces the thrill of riding the ocean's energy, capturing the essence of freedom in each wave.",Negative
355,"Started learning ballroom dancing, gliding gracefully across the dance floor. Ageless elegance in every step. #BallroomDancing #SeniorDancer",Negative
356,"Helplessness engulfs me, drowning in a sea of problems.",Negative
357,"In the garden of friendships, each bloom a testament to the beauty of camaraderie.",Negative
358,"A soul adrift in the sea of solitude, waves of loneliness crashing relentlessly.",Negative
359,Volunteering at a local charity event to give back to the community. Contributing to social causes.,Negative
360,"Exploring a new hiking trail with friends over the weekend. Nature, laughter, and good vibes!",Negative
361,Captivated by the ethereal beauty of a field filled with fireflies.,Negative
362,"Yearning for the warmth of a vanished sun, a heartache painted in the hues of a sunset that never graced the horizon.",Negative
363,Feeling blessed for the supportive community in times of need.,Negative
364,Accidentally sent a love letter to the wrong person. Love note fail: Maximum embarrassment!,Positive
365,Empowerment through mentoring and guiding others.,Negative
366,Hopeful about the prospects of a new business venture.,Negative
367,Danced in the rain to celebrate the end of exams. Rain dance: Unexpectedly refreshing!,Negative
368,"Loneliness, a solitary moon in a starless sky, casting a cold glow on the landscape of isolation, where echoes bounce in empty spaces.",Negative
369,Winter blues got me feeling low.,Negative
370,Helplessness sinks in as challenges pile up.,Negative
371,Spent hours creating the perfect playlist for every mood. Music is my therapy. #PlaylistMaker #TeenMusicLover,Positive
372,"Overwhelmed by the cacophony of expectations, a drowning soul in the tempest of pressure, struggling to stay afloat.",Negative
373,Building a time capsule to capture memories for the future. Time-traveling emotions!,Negative
374,Exploring the city's hidden gems.,Positive
375,"Frustrated fingers tapping on the keyboard, a symphony of annoyance composing an unsolvable puzzle of unmet expectations.",Negative
376,Captivated by the serenity of a tranquil garden in full bloom.,Negative
377,Sunday brunch with friends.,Positive
378,"Cheering for the underdog in the basketball finals, the crowd erupts in applause as the team defies odds to claim the championship title.",Negative
379,"Boredom sets in, the day feels endlessly dull.",Negative
380,Trying out a new dessert recipe.,Positive
381,"Sinking like autumn leaves in the river of sorrow, carried away by the current.",Negative
382,"Fueled by curiosity, venturing into uncharted realms, a fearless explorer of the mysteries of the world.",Negative
383,"Wandering through the desert of loneliness, each step a heavy sigh, mirages of connection shimmering but never materializing.",Negative
384,"Like a comet of inspiration, streaking through the sky of creativity, leaving trails of brilliance.",Negative
385,"Bathed in the golden hues of gratefulness, a sunset of appreciation casting its warm glow on the landscapes of the heart.",Negative
386,"The weightlifter's failed attempt at a personal record results in frustration, highlighting the challenging nature of pushing physical limits.",Negative
387,Hopeful about the potential for personal growth.,Negative
388,Gratitude for the support received during tough times.,Negative
389,"Attended a local jazz festival, tapping toes to the tunes that have stood the test of time. Music, a lifelong love affair. #JazzFestival #SeniorMusicLover",Positive
390,Curiosity sparked by exploring a mysterious ancient ruin.,Negative
391,"Confident strides in the dance of life, a ballroom where self-assuredness leads, twirling through challenges with grace.",Negative
392,Overflowing with gratitude for life's blessings.,Negative
393,"Experiencing the magic of a Coldplay concert, where 'Fix You' becomes a beacon of hope in the night.",Negative
394,Envy eats away at me as I see others' prosperity.,Negative
395,Confidence soars after overcoming public speaking anxiety.,Negative
396,"In the crowd of an Ariana Grande concert, the high notes of 'Into You' create a euphoric symphony.",Negative
397,Laughter is the best medicine‚Äîenjoying a comedy show.,Positive
398,Caught in a torrential rainstorm without an umbrella. Today's weather is just bad luck.,Negative
399,"Torn between opposing emotions, an ambivalence that colors my decisions with shades of uncertainty.",Negative
400,"Embraced by the hopeful dawn, a gardener sowing seeds of optimism, tending to the blooms of a brighter tomorrow.",Negative
401,Late-night gaming session with friends.,Positive
402,"Visited an art gallery, appreciating the brushstrokes that tell tales of creativity. Art, an eternal companion. #ArtGallery #SeniorArtLover",Positive
403,"Fearful eyes scanning the shadows, a prisoner of the night, terrorized by the lurking monsters born from the mind's darkest corners.",Negative
404,"Soaring on the wings of a free spirit, unburdened by the chains of conformity, painting the sky with independence.",Negative
405,"Whispers of lost love linger in the attic of the heart, forgotten but not erased.",Positive
406,Experiencing hate comments for expressing personal opinions. Online negativity prevails.,Negative
407,"Grief overwhelms, a storm of emotions within.",Negative
408,"Joined the school debate team. Words are my weapons, and I'm ready for battle!",Negative
409,Missing an important event due to unforeseen circumstances. A day filled with sadness.,Negative
410,"Participated in a local theater production, proving that the stage belongs to every age. #TheaterProduction #SeniorActor",Negative
411,Finding calmness amidst the chaos of daily life.,Negative
412,"Resentment festers, poisoning relationships.",Negative
413,"Apprehensive steps on the tightrope of uncertainty, a balancing act where the fall seems inevitable, anxiety a constant companion.",Negative
414,"Draped in the warmth of kindness, a quilt of compassion stitched with love.",Positive
415,"Binge-watching a thrilling crime series, the suspense keeps the viewer on the edge of their seat, creating a rush of adrenaline.",Negative
416,"In the midst of a soccer match, an unexpected own goal creates a moment of despair for the player, as teammates console and encourage them.",Negative
417,Dealing with a personal setback. Sometimes life throws unexpected challenges.,Negative
418,"Started a photography club at school. Capturing moments, one snapshot at a time!",Negative
419,"In the embrace of love, each heartbeat is a melody, dancing to the rhythm of affection.",Positive
420,Feeling grateful for the little things in life.,Positive
421,Participating in a debate club to enhance critical thinking and communication skills. Intellectual engagement in progress.,Negative
422,New book release from my favorite author!,Positive
423,"Tears, the ink staining the pages of a journal, a testament to silent grief.",Negative
424,"Facing a defeat in the championship, the boxer reflects on the challenges, vowing to return stronger and more determined in the next bout.",Negative
425,Intimidation by the unknown future ahead.,Negative
426,Just adopted a cute furry friend! üêæ,Positive
427,Cooking a special dinner for loved ones.,Positive
428,Experimenting with a new recipe for a school bake sale. Baking adventures in the kitchen.,Negative
429,Perfecting the art of creating origami during a dull lecture. Origami mastery: A+!,Negative
430,Excited about the upcoming weekend getaway!,Positive
431,"Skiing down the slopes of the Swiss Alps, each turn a dance with the majesty of snow-capped peaks.",Negative
432,"In the symphony of grief, each tear is a note, composing a melancholic melody.",Negative
433,"Envious gazes cast upon the podium of success, a bitter pill swallowed, the taste lingering as a constant reminder of unattained heights.",Negative
434,Practicing a stand-up comedy routine for the upcoming talent show. Comedy gig: In the making!,Negative
435,"Navigating the river of contentment, a serene boat cruise through the tranquil waters of inner peace and acceptance.",Negative
436,Excitement building up for a surprise birthday party.,Negative
437,"A free spirit soaring on the wings of dreams, leaving trails of independence in the azure sky of boundless possibilities.",Negative
438,"Captivated by the spellbinding plot twists, the audience applauds, experiencing a rollercoaster of emotions at the movie premiere.",Negative
439,"Basking in the serenity of a quiet forest, where the whispers of nature bring peace to the soul.",Negative
440,Learning a new language for personal growth.,Positive
441,"Reflecting on a lifetime of memories, each wrinkle tells a story. Embracing the beauty of aging. #LifeReflections #BeautyInAging",Negative
442,"With a zestful heart, sprinting through fields of enthusiasm, chasing sunbeams and laughter in the meadows of joy.",Positive
443,"Darkness descends, engulfing the soul in the shadows of despair.",Negative
444,Starting a new fitness challenge tomorrow! üí™,Positive
445,Wonderment at the beauty of a double rainbow after the rain.,Negative
446,"Melancholy painting the world in hues of nostalgia, a canvas of bittersweet memories.",Negative
447,Practicing mindfulness with meditation.,Positive
448,Tenderness in a quiet moment shared with a pet.,Negative
449,"Lost in the labyrinth of thoughts, confusion casting shadows on the quest for clarity.",Negative
450,Having a string of bad luck with constant technology malfunctions. Tech troubles galore!,Negative
451,Chasing dreams like a kite soaring high in the vast open sky.,Negative
452,Mesmerized by the cosmic dance of fireflies on a moonlit night.,Negative
453,"In the labyrinth of grief, the walls echo with the footsteps of lost joy.",Positive
454,Disgust at the sight of injustice and cruelty.,Negative
455,"Joined a writing group, penning down thoughts and reflections. Writing, a journey into the depths of the soul. #WritingGroup #SeniorWriter",Negative
456,Hopeful about the possibilities of a new journey.,Negative
457,Successfully cooked a gourmet meal for the family. Chef skills unlocked! #ChefMode #TeenChef,Negative
458,"Frustration escalates, a thunderstorm of emotions.",Negative
459,"Attended a vintage car show, reminiscing about the classics that once ruled the roads. Nostalgia in every rev. #VintageCars #ClassicRides",Negative
460,"Embarked on a hiking adventure, conquering trails and relishing the beauty of nature. Age is just a number on the mountaintop. #HikingAdventure #SeniorHiker",Negative
461,Accidentally liked my crush's old photo while stalking their profile. Awkward level: Maximum!,Negative
462,"Joined a seniors' cycling club, feeling the wind in my hair and the freedom of the open road. #CyclingClub #SeniorCyclist",Negative
463,"Captivated by the historical charm of the Colosseum, each stone echoing tales of gladiator valor.",Negative
464,Sharing favorite book recommendations with classmates. Building a mini book club.,Negative
465,"Reconnecting with old friends over a cup of tea. Friendship, the true essence of companionship. #OldFriends #Companionship",Negative
466,"Hosted a picnic in the park, basking in the warmth of friendship and sunshine. Simple joys, timeless memories. #ParkPicnic #SeniorJoy",Positive
467,Overflowing with adoration for my adorable pet! üêæ,Negative
468,"Wandering through the historical streets of Kyoto, each step a journey into the heart of Japan's traditions.",Negative
469,Frustration mounts as obstacles block my path.,Negative
470,"The bitterness of betrayal, a taste that lingers, staining the palate of trust.",Negative
471,"In the heart of New York City, Times Square dazzles with lights, a vibrant spectacle of urban energy.",Negative
472,Elation after a surprise reunion with a childhood friend.,Negative
473,"Loneliness, a silent companion in the night, the only echo in the chamber of solitude, a heart's solitary nocturne.",Negative
474,"Resentment festers, a wound that refuses to heal.",Negative
475,"Immersed in the soulful melodies of Adele, tears flow freely, moved by the emotion of 'Hello'.",Negative
476,Optimism for a bright future amidst challenging times.,Negative
477,Rejuvenated by the salty breeze and the sound of waves at the seaside.,Negative
478,"Spent hours on a TikTok dance, only to realize I have two left feet. Dance fail: Unleashed!",Negative
479,"Swaying to the reggae vibes of Bob Marley's tribute concert, each chord a journey to Jamaica's soul.",Negative
480,Serenity found in the beauty of a sunset by the sea.,Negative
481,"In the midst of the Amazon rainforest, a symphony of wildlife creates an orchestra of nature's wonders.",Negative
482,"In the spotlight at a Lady Gaga show, each costume change is a metamorphosis of creativity and artistry.",Negative
483,"Embracing the beauty of nature, a moment of contentment.",Negative
484,"Indifferent to the noise of the world, a silent observer in the midst of life's cacophony.",Negative
485,"In the crowd of a Taylor Swift concert, the lyrics of 'Love Story' create an enchanting fairy tale.",Positive
486,Decided to study for exams but ended up making memes about studying instead. Procrastination level: Expert. #ProcrastinationNation #TeenConfessions,Negative
487,Calmness prevails as I practice mindfulness.,Negative
488,Numbness sets in as the weight of loneliness grows heavier.,Negative
489,Awash with serenity as the sun sets over a tranquil lakeside retreat.,Negative
490,"In the heart of a bustling market, the street food connoisseur indulges in a culinary adventure, savoring diverse flavors and aromas.",Negative
491,"The gymnast's unexpected fall during a routine sparks a wave of sympathy from the audience, highlighting the vulnerability of sports.",Negative
492,Pride in achieving a personal milestone.,Negative
493,Empowered to make a difference in my community.,Negative
494,"Embarking on a culinary odyssey, savoring flavors around the world.",Negative
495,Organizing a community cleanup event for a cleaner neighborhood. Promoting environmental awareness.,Negative
496,Enthusiastically diving into a new project.,Negative
497,Feeling a sense of fear after watching a thriller movie.,Negative
498,Contentment in the embrace of a loved one.,Positive
499,Rejuvenated by the salty breeze and the sound of waves at the seaside.,Negative
500,Received a not-so-great grade on a major project. Academic frustration setting in.,Negative
501,"Floating through the day with an air of indifference, detached from the mundane happenings around.",Negative
502,"Rocking out to the guitar solos at a Queen tribute concert, a journey back in time with Freddie's spirit.",Negative
503,"Dancing to Shakira's rhythmic beats, hips swaying to the hypnotic charm of 'Hips Don't Lie'.",Negative
504,"Embarking on a journey of writing a memoir, documenting a lifetime of experiences. Every story matters. #MemoirWriting #SeniorStories",Negative
505,Crafting intricate friendship bracelets for the whole squad. Friendship level: Expert weaver!,Negative
506,Political discussions heating up on the timeline.,Negative
507,"Embarked on a road trip to revisit cherished places from the past. Nostalgia, the ultimate travel companion. #RoadTrip #NostalgiaTour",Negative
508,"Exploring the ancient ruins of Angkor Wat, each stone whispering stories of Khmer civilization.",Negative
509,Hosted a photography exhibition featuring snapshots of a life well-lived. Every photo has a story to tell. #PhotographyExhibition #SeniorPhotographer,Negative
510,Attending a live music concert tonight.,Positive
511,"In the labyrinth of despair, the echoes of a broken heart reverberate endlessly.",Negative
512,Serenity found in the melody of a peaceful piano.,Negative
513,"Compassionate clouds, heavy with care, showering empathy on the parched grounds of human suffering.",Negative
514,"Jealousy, a green-eyed monster, lurking in the shadows, casting a dark cloud over the sunshine of others' success.",Negative
515,Savoring the flavors of a home-cooked meal. Simple joys are the heart of happiness. #HomeCooking #SimpleJoys,Positive
516,"Rocking out at a Guns N' Roses show, the iconic riffs of 'Sweet Child o' Mine' echoing in the night.",Negative
517,"At the Oscars, the actor graciously accepts an award, radiating joy and gratitude for the recognition of their outstanding performance.",Positive
518,"Gratitude as a guiding star, navigating the constellation of blessings in the vast universe of life's precious moments.",Negative
519,"Bitterness festering like a venomous vine, entwining the soul in a web of resentment, poisoning the garden of peace.",Negative
520,"Lost in the pages of a captivating novel, transported to another world.",Negative
521,The euphoria of a successful product launch.,Negative
522,Successfully avoided eye contact with my crush in the hallway. Mission accomplished. #TeenCrush #StealthMode,Negative
523,Trying to master the perfect kickflip on my skateboard. Skating into the weekend like a pro!,Negative
524,"A symphony of laughter, each note a key to unlocking the door of boundless happiness.",Positive
525,Feeling a sense of fulfillment after helping others.,Negative
526,Enthusiasm for a new artistic project in the works.,Negative
527,"Discovering a hidden gem in the world of documentaries, the viewer is enlightened and inspired, feeling a renewed sense of curiosity.",Negative
528,Attempting to beat the record for the most consecutive cartwheels. Cartwheel challenge: Underway!,Negative
529,"Witnessing a heartwarming comeback in the hockey finals, fans share tears of joy as the team secures a historic victory after adversity.",Positive
530,Amused by the antics of playful kittens during playtime.,Negative
531,"Betrayal, a venomous serpent slithering through the garden of trust, poisoning roots.",Negative
532,"Jealousy, a festering wound, the pain intensifying with each glance at the garden of others' achievements, blooming beyond the fence.",Positive
533,"Envy poisons my thoughts, coveting others' success.",Negative
534,The euphoria of a live music concert under the stars.,Negative
535,"Embarked on a solo travel adventure, discovering the beauty of new places at my own pace. #SoloTravel #SeniorExplorer",Negative
536,Compassion shown through acts of kindness in the community.,Negative
537,Facing rejection from a dream college. Disheartened but determined to explore other paths.,Negative
538,"Lost in the vast sea of information, an indifferent wave in the digital ocean.",Negative
539,"Proudly scaling the peaks of achievement, a mountaineer conquering challenges and planting the flag of success.",Negative
540,"Proudly scaling the peaks of achievement, a mountaineer conquering challenges and planting the flag of success.",Negative
541,A burst of artistic creativity in the quietude of an artist's studio.,Negative
542,Elation after a surprise reunion with old friends.,Negative
543,"Anxiety grips my chest, a relentless grip on my thoughts.",Negative
544,"Torn between conflicting emotions, an ambivalence that paints my decisions in shades of uncertainty.",Negative
545,"Desperation whispers, the silent plea for a glimmer of hope in the abyss.",Negative
546,"Wrapped in the cloak of emotional numbness, a shield against the storms of life's turbulence.",Negative
547,Drenched in nostalgia while flipping through an old family photo album.,Negative
548,"Accidentally spilled paint in art class. Abstract art, right? #ArtClassAdventures #HighSchoolArtist",Negative
549,Compassion towards those in need during the holidays.,Negative
550,Awe-inspired by the vastness of the cosmos on a stargazing night.,Negative
551,"Engulfed in the aroma of freshly brewed coffee, the writer finds inspiration in every sip, embarking on a journey of creativity and prose.",Negative
552,"In the realm of literature, a captivating novel transports the reader to distant lands, weaving a tapestry of imagination and escape.",Negative
553,"Immersed in a state of emotional numbness, a shield against the storm of daily struggles.",Negative
554,Hiding a snack stash in my backpack for emergency cravings. Snack ninja mode: Activated!,Negative
555,"Staring at the clock in class, waiting for the bell to ring like it's the most exciting event of the day. #ClassCountdown #TeenLife",Negative
556,Accidentally sent a text meant for a friend to the class group chat. Texting fail: Oops moment!,Negative
557,Started a blog about random thoughts and musings. Blogging is the new diary. #BloggerLife #TeenBlogger,Negative
558,Heartfelt gratitude for the laughter shared during a family reunion.,Negative
559,Collaborating on a school project with peers. Teamwork makes the dream work.,Negative
560,"Cruising the fjords of Norway, each icy landscape a breathtaking masterpiece of nature's grandeur.",Negative
561,"A playful escapade in the carnival of life, carousel laughter and cotton candy dreams swirling in the joyous atmosphere.",Positive
562,"Avoiding the thorns of regret, walking barefoot on the path of remorse.",Negative
563,"Journeying through the serenity of Santorini, where each sunset paints the sky with hues of tranquility.",Negative
564,"Meditating by the serene lake, finding inner peace.",Negative
565,"Embracing imperfections, finding acceptance in the mosaic of life's beautiful chaos.",Positive
566,"Organized a community painting event, turning blank canvases into a masterpiece of shared creativity. #PaintingEvent #SeniorArtist",Negative
567,Enveloped in serenity while practicing mindfulness by the lake.,Negative
568,"Determination as the driving force, propelling me forward on the path to extraordinary achievements.",Positive
569,"Discovered a new book series and spent the whole night reading. Who needs sleep, anyway? #BookwormLife #LateNightReading",Negative
570,"Dismissive gestures, a curtain drawn to shield the vulnerability, a stage where emotions take a backseat to the performance of indifference.",Negative
571,Curiosity awakened by the mysteries of an ancient archaeological site.,Negative
572,"Joined the drama club to unleash my inner actor. Lights, camera, action!",Negative
573,Appreciation for the vibrant culture experienced during travel.,Negative
574,"Striding with confidence, footprints of self-assuredness imprinted on the sands of challenges conquered and victories claimed.",Negative
575,"Floating on clouds of inspiration, an artist painting the sky with strokes of creativity, creating a masterpiece of dreams.",Negative
576,Whimsical delight in a world of fairy tales and magical creatures.,Negative
577,Whispers of inspiration from the rustling leaves in a serene forest.,Negative
578,"A fiery determination burning within, fueled by the vision of reaching unparalleled heights.",Negative
579,Dealing with unfounded rumors circulating about personal life. Rumors can be hurtful.,Negative
580,Attended a concert and danced the night away. Music is the heartbeat of life. #ConcertVibes #DanceAllNight,Negative
581,"In the garden of contentment, each bloom whispers tales of inner peace and joy.",Positive
582,Feeling empowered after conquering a challenging hiking trail.,Negative
583,"At the summit of Mount Fuji, a breathtaking sunrise that paints the sky with hues of accomplishment.",Negative
584,Attending a school talent show to support classmates. Applauding the diverse talents on display!,Negative
585,Attempting to impress the teacher with an elaborate science experiment. Science geek mode: Activated!,Negative
586,Hosting a sleepover with friends this weekend. Preparing for a night of laughter and memories!,Negative
